id,date_of_birth,email,gender
1,1992-11-13,emack@example.org,Female
2,1997-04-02,hthompson@example.net,Female
3,1985-09-02,karen80@example.com,Male
4,1973-02-27,wchavez@example.com,Male
5,1975-01-03,jcarter@example.com,Male
6,1970-06-16,sue61@example.org,Female
7,1988-10-13,bonnie06@example.net,Female
8,1983-03-11,gjohnson@example.net,Male
9,1964-01-11,katherinewebb@example.com,Male
10,1998-07-03,kathrynowens@example.net,Male
11,1972-01-31,hudsontricia@example.org,Male
12,2005-06-02,danielhubbard@example.net,Male
13,1994-05-10,victoria51@example.com,Male
14,1963-03-13,brayfrancisco@example.org,Male
15,1976-11-29,erichards@example.org,Male
16,1965-12-10,smejia@example.org,Female
17,1981-07-17,stephanie75@example.com,Female
18,1986-12-14,aaron32@example.net,Male
19,1961-05-15,christinalowe@example.com,Male
20,1982-12-12,espinozarachel@example.com,Male
21,1962-07-21,tlove@example.net,Female
22,1960-10-20,wesleygutierrez@example.org,Female
23,1977-12-10,josephfernandez@example.com,Female
24,2000-06-08,charlesharrison@example.com,Female
25,1995-12-01,jeanneortiz@example.com,Female
26,1963-12-15,paigeanderson@example.net,Female
27,2004-12-27,eclark@example.org,Female
28,1959-08-10,jonesdeborah@example.com,Male
29,2005-04-27,andrewdonovan@example.net,Female
30,1990-06-22,aaronmedina@example.net,Female
31,2001-12-02,barrydaniel@example.com,Male
32,1968-10-08,kevin84@example.org,Male
33,1990-10-04,brentmiller@example.net,Female
34,1998-01-22,matthewhayes@example.org,Female
35,1962-12-19,omorrison@example.org,Female
36,1961-12-01,henryjanet@example.com,Male
37,1967-10-26,carolyn60@example.org,Male
38,1999-09-28,patrick26@example.org,Male
39,1986-11-22,kylegomez@example.net,Male
40,1974-04-14,tamararamos@example.org,Male
41,1976-03-17,hrivera@example.com,Female
42,1984-06-22,guerreroabigail@example.net,Female
43,1993-06-15,richard58@example.org,Female
44,1999-06-27,kkoch@example.com,Male
45,1981-06-27,griffithjames@example.net,Female
46,2005-01-20,crystal03@example.com,Female
47,1958-04-01,sheri00@example.com,Male
48,1991-06-12,angel25@example.net,Female
49,1982-08-03,andrew97@example.org,Male
50,1989-03-23,faguilar@example.net,Male
51,1978-01-10,turnermichael@example.org,Male
52,1962-02-02,zdavenport@example.org,Female
53,1966-11-14,bcarson@example.net,Female
54,1969-09-06,walterrichard@example.org,Female
55,1976-07-23,lchristensen@example.net,Female
56,1995-02-22,sarahjones@example.net,Female
57,1967-04-21,james61@example.org,Male
58,1986-03-09,michelehoward@example.net,Male
59,1961-11-13,tammymcdonald@example.net,Male
60,1966-06-17,mathisthomas@example.com,Female
61,1991-12-13,donald77@example.com,Male
62,1963-04-26,ashley45@example.com,Female
63,1993-09-14,belllauren@example.com,Male
64,2005-02-22,tiffany60@example.net,Female
65,1958-08-16,andersondanielle@example.org,Male
66,1982-08-07,pjohnson@example.org,Female
67,1976-12-15,kreed@example.net,Female
68,1979-12-15,linda38@example.net,Male
69,1966-06-13,ppalmer@example.net,Male
70,1979-02-25,john36@example.net,Female
71,1975-01-22,rileyjeremy@example.net,Female
72,1993-07-11,michael29@example.net,Female
73,1976-04-09,bethanysparks@example.net,Female
74,1976-12-22,pfisher@example.com,Male
75,1984-10-31,gloriajohnson@example.net,Female
76,1969-10-16,mfrost@example.com,Female
77,1968-02-10,nicolehayden@example.net,Female
78,1976-02-16,darin65@example.com,Male
79,2000-01-02,nancyford@example.org,Female
80,1970-01-12,brandy30@example.org,Female
81,1993-07-17,kevinreed@example.net,Female
82,1974-03-12,jasonbradford@example.org,Male
83,1959-07-13,aaronberry@example.com,Male
84,1989-01-24,howardheather@example.com,Female
85,1983-05-05,alejandra95@example.net,Male
86,1961-01-30,edwin17@example.com,Male
87,2005-10-12,amynguyen@example.com,Male
88,1998-12-05,combsmia@example.org,Male
89,1996-12-23,singhalex@example.com,Male
90,1985-01-02,christopherfox@example.net,Female
91,1992-02-23,mschmidt@example.net,Female
92,1958-09-19,kennethscott@example.net,Male
93,1979-08-01,jeffrey27@example.org,Male
94,1980-03-05,deborah48@example.net,Female
95,1959-06-09,rebeccaturner@example.com,Female
96,1994-01-25,bowenantonio@example.com,Male
97,1985-04-18,carloscarroll@example.com,Female
98,1969-12-02,julie83@example.com,Female
99,1960-02-16,alexisgalvan@example.com,Female
100,1986-10-11,jacobsdavid@example.org,Male
101,2004-06-23,cruzheather@example.org,Male
102,1981-06-22,dfischer@example.com,Male
103,1959-10-05,angeladominguez@example.com,Male
104,1998-04-29,vincentjackson@example.com,Female
105,1988-08-12,benderkrista@example.com,Female
106,1962-09-06,katherinesanchez@example.com,Female
107,1989-04-20,boydbrent@example.com,Female
108,1965-11-07,lschaefer@example.net,Female
109,2003-01-11,angelica05@example.com,Male
110,1997-01-22,jermaine91@example.net,Male
111,1985-07-07,darrelladams@example.com,Male
112,1993-09-15,barrjames@example.org,Male
113,1974-04-10,donnagreene@example.com,Female
114,2005-05-09,fulleramanda@example.org,Male
115,1987-11-17,monicawelch@example.net,Female
116,1971-07-07,lisaburns@example.com,Male
117,1970-06-17,emily55@example.com,Male
118,1958-02-14,mariabrown@example.com,Male
119,1981-10-12,elizabethoconnor@example.net,Male
120,2005-10-17,edward76@example.org,Female
121,1968-05-02,edavis@example.org,Female
122,1978-04-29,jamiewilkins@example.org,Female
123,1977-05-10,santhony@example.net,Male
124,1961-09-18,michaelgarcia@example.net,Male
125,1968-10-27,brittany62@example.org,Male
126,1968-06-06,qboyer@example.net,Male
127,1963-11-02,kcameron@example.com,Female
128,2005-01-10,tracy22@example.net,Male
129,1961-03-30,shawmargaret@example.org,Male
130,1971-06-22,ashleymadden@example.com,Female
131,1984-12-29,gcollins@example.com,Female
132,1988-05-30,roybrown@example.org,Male
133,1981-03-24,jgonzalez@example.com,Female
134,1994-03-28,perkinsgerald@example.org,Female
135,1968-07-05,woodswilliam@example.com,Male
136,1974-04-01,ynielsen@example.com,Male
137,1964-07-14,lisasnow@example.com,Female
138,2000-01-22,lyonsaaron@example.net,Female
139,1982-01-13,ismith@example.com,Female
140,1960-02-11,loganerin@example.org,Male
141,1995-12-04,olopez@example.org,Female
142,1995-02-09,ramirezallen@example.net,Female
143,1998-12-24,jose83@example.org,Female
144,1969-02-04,nashbrenda@example.net,Male
145,1981-02-07,csalinas@example.net,Female
146,1988-02-04,melissa42@example.org,Female
147,1959-07-06,lanestephanie@example.org,Male
148,1994-06-02,lori21@example.com,Male
149,1997-12-27,carsonterri@example.com,Male
150,1993-11-14,jgonzalez@example.org,Female
151,1976-04-27,kevinpeterson@example.org,Female
152,1967-09-28,wandasmith@example.org,Male
153,1986-07-03,travisgood@example.net,Female
154,1974-02-10,steven28@example.com,Female
155,1995-05-14,ebarber@example.org,Female
156,1973-07-31,jason68@example.com,Male
157,1998-06-17,nelsonphillip@example.net,Female
158,1966-10-29,plarsen@example.net,Female
159,1976-04-05,jeffreygibson@example.org,Female
160,1992-05-21,jmcpherson@example.net,Male
161,1959-05-29,jessica34@example.net,Male
162,2002-10-11,patrick77@example.net,Male
163,1982-07-14,elizabeth12@example.org,Female
164,1996-07-08,john70@example.org,Male
165,1987-03-31,mrice@example.net,Female
166,1982-03-21,marciapennington@example.net,Female
167,1966-07-10,maria40@example.org,Male
168,1976-10-18,ellennichols@example.com,Female
169,1996-09-07,bryansusan@example.com,Male
170,1961-12-23,johnweber@example.net,Female
171,2002-03-18,timothythompson@example.org,Male
172,1994-10-22,gomezjoshua@example.org,Female
173,1972-04-06,gilmoretracy@example.net,Male
174,1964-06-08,oboyle@example.org,Male
175,1972-09-13,josborne@example.net,Male
176,1978-12-09,rickrose@example.net,Female
177,1972-03-16,jared49@example.net,Female
178,1960-10-02,gary07@example.com,Female
179,1979-08-08,bretthuff@example.com,Male
180,1978-11-13,dawsonbradley@example.net,Female
181,1985-02-10,george47@example.com,Male
182,1968-05-14,kellyevans@example.com,Female
183,1988-01-17,guzmanconnie@example.net,Male
184,1999-05-28,wattsrebecca@example.com,Male
185,1968-02-21,lawrence93@example.net,Male
186,1966-12-09,waynerubio@example.com,Male
187,1975-12-03,ddawson@example.net,Male
188,1960-11-13,heathermitchell@example.com,Female
189,1982-09-27,jamiewhite@example.net,Female
190,1995-04-22,renee44@example.org,Female
191,1964-01-13,stevenavery@example.com,Female
192,1963-12-21,alexander07@example.org,Female
193,1995-12-30,lisa38@example.com,Female
194,2002-07-08,xmyers@example.net,Male
195,1964-05-06,william77@example.net,Female
196,1968-12-04,christophertrujillo@example.com,Male
197,1960-12-03,robert25@example.net,Female
198,1973-01-25,zfreeman@example.net,Male
199,1962-06-19,davisdonna@example.net,Female
200,1971-12-01,theresamoreno@example.org,Male