id,fname,lname,date_of_birth,email,gender,address,age,contact,city,country
1,Rebecca,Robinson,1992-11-13,emack@example.org,Female,"6118 Hurst Fields
Lake Taylor, NY 32040",47,+913194314285,West Jason,Dominica
2,Joshua,Gonzalez,1997-04-02,hthompson@example.net,Female,"4539 Sandra Mountains
Nicolehaven, MT 17768",24,+918531722320,New Jeanhaven,United Arab Emirates
3,Nicole,Johnson,1985-09-02,karen80@example.com,Male,"31414 Harrington Mount Suite 586
Edwardsberg, NH 58292",58,+912750828906,Port Gail,Jordan
4,Larry,Bennett,1973-02-27,wchavez@example.com,Male,"3749 Jennifer Forest
Robertschester, AS 28277",27,+917924991138,East Curtismouth,Korea
5,Mathew,Holmes,1975-01-03,jcarter@example.com,Male,"40960 Hernandez Throughway Suite 810
East Michaelhaven, WV 10494",38,+914646604100,West Donna,Sao Tome and Principe
6,Miranda,Howard,1970-06-16,sue61@example.org,Female,"97268 Corey Oval Suite 394
Port Julie, NY 23710",54,+918301570075,Rubiofurt,Cape Verde
7,Kelly,Stafford,1988-10-13,bonnie06@example.net,Female,"297 Bradshaw View Apt. 666
North David, WA 75945",58,+916541295203,Roberthaven,Liberia
8,Gina,Ross,1983-03-11,gjohnson@example.net,Male,"74144 Skinner Forks Apt. 143
Karenborough, AK 84686",34,+911941802499,New Ashley,Faroe Islands
9,Timothy,Hodges,1964-01-11,katherinewebb@example.com,Male,"43741 Robert Viaduct
North Samuelville, IL 62011",44,+912810759429,West Roberto,Tunisia
10,Laura,Smith,1998-07-03,kathrynowens@example.net,Male,"270 Mary Row Suite 412
Cartermouth, PW 91593",34,+918148114891,New Rachelstad,Vanuatu
11,Samantha,Cox,1972-01-31,hudsontricia@example.org,Male,"4295 Sloan Course Apt. 267
West Josephmouth, CA 07891",32,+915086802522,Barreraport,Malawi
12,Christina,Davis,2005-06-02,danielhubbard@example.net,Male,"USNS Lopez
FPO AP 73068",22,+918217892586,South Carlton,United States Minor Outlying Islands
13,Gerald,Fox,1994-05-10,victoria51@example.com,Male,"56251 Fuller Harbor Suite 524
Lake Dawnshire, SC 72354",28,+915142767414,Nathanielburgh,Sri Lanka
14,Diana,Baker,1963-03-13,brayfrancisco@example.org,Male,"013 Dawson View
Cunninghamburgh, OR 15944",40,+919465160276,East Denise,Guinea-Bissau
15,Virginia,Hancock,1976-11-29,erichards@example.org,Male,"3366 Tanya Trafficway Apt. 953
Ronaldview, DC 93697",19,+913410927718,Wardborough,Germany
16,Stephanie,Williams,1965-12-10,smejia@example.org,Female,"29554 Lopez Drives Suite 929
New Kevintown, GA 93587",49,+917034735850,Jensenmouth,Oman
17,Amber,Nguyen,1981-07-17,stephanie75@example.com,Female,"3537 Nicholas Forges
Port Amandabury, AK 07918",43,+916381071756,East Stacey,Ireland
18,Phillip,Lambert,1986-12-14,aaron32@example.net,Male,"219 Kent Common Suite 959
Klinetown, SD 87047",20,+911631162104,South Jenniferberg,Singapore
19,Travis,Kim,1961-05-15,christinalowe@example.com,Male,"83366 West Streets
South Suzanne, PA 33957",41,+912508784721,Elizabethbury,Brazil
20,Devin,Hopkins,1982-12-12,espinozarachel@example.com,Male,"97806 David Bridge Apt. 489
South Andrew, OR 34204",25,+916186797781,Walkershire,France
21,Michael,Bradley,1962-07-21,tlove@example.net,Female,"0187 Ian Camp Suite 074
Carlosmouth, NC 22405",32,+913668778958,Madisonfurt,Dominica
22,Tara,Mitchell,1960-10-20,wesleygutierrez@example.org,Female,"32233 James Dale
South Anthonytown, SC 08105",32,+913722725693,Hoville,Tajikistan
23,Jerry,Rodgers,1977-12-10,josephfernandez@example.com,Female,"7428 Cook Squares Apt. 642
East Johnathan, CA 98047",21,+918982238933,North Crystalton,Cape Verde
24,Bethany,Hernandez,2000-06-08,charlesharrison@example.com,Female,"1214 Bradley Ferry Apt. 158
South Amandastad, CO 82182",27,+911545643695,South Shaneport,Macao
25,Donald,Johnson,1995-12-01,jeanneortiz@example.com,Female,"05601 Barnett Highway
Sanchezshire, WV 12505",58,+912649693530,Port Megan,Nauru
26,William,Davis,1963-12-15,paigeanderson@example.net,Female,"4840 Kevin Cliffs Suite 299
North Aaronberg, NV 44270",58,+918216786974,Johnhaven,Bolivia
27,Carl,Morales,2004-12-27,eclark@example.org,Female,"1639 Hansen Stravenue
Curtisfort, SC 49233",36,+914661757871,Nicholasshire,Mongolia
28,Tara,Medina,1959-08-10,jonesdeborah@example.com,Male,"1078 Sierra Prairie
Whitehaven, TN 53511",31,+917577221103,Vazquezview,Gabon
29,Thomas,Miller,2005-04-27,andrewdonovan@example.net,Female,"1734 Monroe Islands
South Danielfurt, IA 99590",59,+918155316168,Lake Joshua,Indonesia
30,Jackson,Cameron,1990-06-22,aaronmedina@example.net,Female,"23249 Meredith Stravenue
Brandonshire, MP 12754",57,+913255363036,Freyland,Northern Mariana Islands
31,Valerie,Gregory,2001-12-02,barrydaniel@example.com,Male,"488 Virginia Viaduct Apt. 305
Lake Randall, WI 31487",52,+918290195646,West Cassandra,Montserrat
32,Barbara,Harrington,1968-10-08,kevin84@example.org,Male,"1003 Acevedo Grove Suite 025
Port Mark, GA 40239",52,+918507602955,Walkerburgh,Bahrain
33,Sarah,Mata,1990-10-04,brentmiller@example.net,Female,"99403 Pittman Crest Suite 037
South Christopher, MD 57763",34,+913505259283,Lake Kevinview,Ukraine
34,Collin,Powell,1998-01-22,matthewhayes@example.org,Female,"379 Giles Village
West Laura, NJ 61799",40,+913531903391,New Jessica,Lesotho
35,Raymond,Hodges,1962-12-19,omorrison@example.org,Female,"8448 Desiree Lodge Apt. 537
North Dennisshire, GA 52623",48,+918187822865,Larryberg,Wallis and Futuna
36,Marvin,Nelson,1961-12-01,henryjanet@example.com,Male,"04185 Barker Drive Apt. 650
Port Barry, CO 09790",53,+918793177479,Beasleymouth,Armenia
37,Gregory,Nelson,1967-10-26,carolyn60@example.org,Male,"8166 Lambert Gardens Suite 943
North Cristina, VI 72439",30,+912919545259,South Collinport,Estonia
38,Stephen,Moran,1999-09-28,patrick26@example.org,Male,"2580 Wilson Rue Suite 287
Port Matthewstad, MP 49641",56,+911359131338,South Isabella,Palau
39,Zachary,Martinez,1986-11-22,kylegomez@example.net,Male,"52275 Barker Trafficway Apt. 991
Baileymouth, KS 52423",51,+916890543063,West Tammy,Equatorial Guinea
40,Travis,Hernandez,1974-04-14,tamararamos@example.org,Male,"96858 Walker Springs
Colleenfort, AK 78551",28,+914620482248,West Tannerborough,United Arab Emirates
41,Patrick,Berry,1976-03-17,hrivera@example.com,Female,"62310 Williams Square Suite 433
East Austin, MS 34216",59,+913905041074,South Amandabury,Somalia
42,Stephanie,Garcia,1984-06-22,guerreroabigail@example.net,Female,"320 Robbins Wall Suite 531
Angelaton, ME 13713",32,+912094390656,Potterstad,Mexico
43,Robert,Hurley,1993-06-15,richard58@example.org,Female,"7511 Costa Road Suite 317
Lake Marissachester, IA 89437",64,+919247850587,Port Chrisborough,Luxembourg
44,Alexis,Webb,1999-06-27,kkoch@example.com,Male,"228 Marc Spring
Port Breannaborough, OK 41103",36,+916337142752,Lake Randyberg,Czech Republic
45,Gary,Leach,1981-06-27,griffithjames@example.net,Female,"USNS Fischer
FPO AP 49063",33,+913480994478,East Robertville,Uzbekistan
46,Carrie,Jones,2005-01-20,crystal03@example.com,Female,"0897 Frank Mountain
South Destiny, MO 41145",55,+911464679004,Kingstad,Montserrat
47,Sean,Reed,1958-04-01,sheri00@example.com,Male,"13967 Allison Brooks Apt. 094
West Stephanieburgh, OR 77741",35,+911891957475,Port Melissatown,Falkland Islands (Malvinas)
48,Chad,Edwards,1991-06-12,angel25@example.net,Female,"95037 Latoya Forges
Perezfurt, KS 86106",49,+916385925684,Port Ashleytown,Liechtenstein
49,Kelly,Cox,1982-08-03,andrew97@example.org,Male,"928 Nicole Roads Apt. 091
North Ashley, AS 32666",65,+912026054352,New Jessica,Nepal
50,Jeremy,Lawrence,1989-03-23,faguilar@example.net,Male,"41342 Hernandez Cliff Apt. 454
New Daniel, TX 90255",45,+915294595957,Andradeberg,Timor-Leste
51,Shawn,Martin,1978-01-10,turnermichael@example.org,Male,"229 James Bridge
North David, ND 16596",37,+913728674839,Dawntown,Bhutan
52,Tracy,Rojas,1962-02-02,zdavenport@example.org,Female,"12137 Crawford Harbors
Austinside, NH 60008",62,+913877070213,Davisville,Ukraine
53,Jessica,Hall,1966-11-14,bcarson@example.net,Female,"84341 John Hills Suite 172
Lake Gilbertbury, OR 57901",55,+915713421005,Brownland,Senegal
54,Kristine,Wells,1969-09-06,walterrichard@example.org,Female,"0057 Hernandez Rue Apt. 145
Christinashire, AR 40221",38,+919187369569,West Jenniferfort,Anguilla
55,Juan,Reyes,1976-07-23,lchristensen@example.net,Female,"2043 James Ways Apt. 596
New Isaac, FL 43508",58,+911219742405,South Jenniferstad,Bahrain
56,Paul,Richardson,1995-02-22,sarahjones@example.net,Female,"46682 Dorothy Brooks
Brookeberg, VT 42994",55,+917240842758,Michaelshire,Timor-Leste
57,Kyle,Russell,1967-04-21,james61@example.org,Male,"PSC 6271, Box 7229
APO AE 31495",51,+916444864355,Marieview,Sierra Leone
58,Paul,Miller,1986-03-09,michelehoward@example.net,Male,"0903 Rose Pass
Lake Amanda, PR 57792",47,+917453961589,New Kimchester,Cuba
59,Cory,Callahan,1961-11-13,tammymcdonald@example.net,Male,"63553 Pearson Radial
Normanfurt, WA 93378",26,+911898864404,New Kimberlyland,Colombia
60,Jeffrey,Wilson,1966-06-17,mathisthomas@example.com,Female,"691 Jessica Forks
Rossberg, SD 73301",53,+912889151372,Lake Denisefort,Germany
61,Scott,Knight,1991-12-13,donald77@example.com,Male,"4559 Adam Branch
Lake Brandyside, WV 93165",42,+916159603765,South Anita,Kenya
62,Cindy,King,1963-04-26,ashley45@example.com,Female,"83435 Poole Common
Port Joseph, PA 60728",47,+915511444811,Port Howardchester,Tokelau
63,Michael,Chavez,1993-09-14,belllauren@example.com,Male,"413 Sean Overpass Apt. 738
Lake Lucasshire, AL 43930",55,+913767561290,Ronaldville,Anguilla
64,Mark,Guerra,2005-02-22,tiffany60@example.net,Female,"95213 Scott Lakes
Acevedochester, AK 58344",21,+918006793149,Lake Philip,Canada
65,Karen,Mcdonald,1958-08-16,andersondanielle@example.org,Male,"141 White Vista
Amyton, FL 71607",21,+915474651507,Port Bianca,Afghanistan
66,Robert,Robinson,1982-08-07,pjohnson@example.org,Female,"68214 Stephanie Station
West Mark, MA 07886",55,+915076055513,Kennethfort,Equatorial Guinea
67,Kelly,Molina,1976-12-15,kreed@example.net,Female,"9210 Fernandez Viaduct
Laurenshire, GA 76936",40,+916850278880,New Jamie,Tonga
68,Thomas,Jarvis,1979-12-15,linda38@example.net,Male,"44208 Nina Estates
North Ernesthaven, NJ 01113",35,+911531546185,New Dale,Vanuatu
69,Joshua,Henry,1966-06-13,ppalmer@example.net,Male,"7318 Kenneth Gardens
Port Thomas, MN 97558",38,+918869842404,Collinschester,Slovakia (Slovak Republic)
70,Jeffery,Wallace,1979-02-25,john36@example.net,Female,"046 Brown Mountain
Prestonview, AZ 83239",40,+911573957410,North Jonathanton,Tunisia
71,Julian,Yates,1975-01-22,rileyjeremy@example.net,Female,"63873 Swanson Viaduct
Robertton, OK 29581",46,+914603465802,Nguyenmouth,Austria
72,James,Bell,1993-07-11,michael29@example.net,Female,"1870 Martinez Overpass Suite 164
Estradachester, AZ 82390",47,+911109991366,Josephview,Chad
73,Leah,Irwin,1976-04-09,bethanysparks@example.net,Female,"704 Sheila Springs
West Bonniefurt, NC 13186",65,+916004519577,Ashleyfort,Guinea
74,Darius,Jones,1976-12-22,pfisher@example.com,Male,"6614 Travis Branch
Dawnstad, GU 12026",52,+919530832825,Clarkview,Germany
75,Brandon,Todd,1984-10-31,gloriajohnson@example.net,Female,"80593 Brianna Oval
Elliottview, WA 20593",43,+919366849258,Lake Tiffany,Botswana
76,Brian,Singh,1969-10-16,mfrost@example.com,Female,"6076 Timothy Rest Apt. 284
East Elainefort, MH 20876",33,+914939070542,Lake Michael,Spain
77,Erica,Cook,1968-02-10,nicolehayden@example.net,Female,"62964 Smith Pines Apt. 330
East Shelly, UT 43375",47,+912154160272,Elizabethview,Slovakia (Slovak Republic)
78,Daniel,Hardin,1976-02-16,darin65@example.com,Male,"0272 Christy Squares Apt. 124
Jessicafort, TX 80420",27,+918681315798,Wesleyton,Kiribati
79,Rebecca,Edwards,2000-01-02,nancyford@example.org,Female,"0238 Sharon Forges Apt. 444
Palmerfurt, IA 09977",25,+916360132810,South Ronald,Tonga
80,Sarah,Cunningham,1970-01-12,brandy30@example.org,Female,"89806 Ryan Island Apt. 439
Cindyshire, MD 67877",25,+912164041421,East Jeffreyside,American Samoa
81,Heather,Allen,1993-07-17,kevinreed@example.net,Female,"3369 Wilson Canyon Suite 311
Lisaside, ID 83915",34,+914602045801,South Julia,Bangladesh
82,Brenda,Summers,1974-03-12,jasonbradford@example.org,Male,"1674 Catherine Ferry Apt. 229
New Claireborough, IL 06521",39,+917303932129,West Nicole,Monaco
83,Vanessa,Horton,1959-07-13,aaronberry@example.com,Male,"USS Gonzalez
FPO AE 39035",43,+912382780271,Erikaville,Malta
84,Erin,Harmon,1989-01-24,howardheather@example.com,Female,"Unit 2688 Box 8984
DPO AA 78851",20,+919098088405,New Johnny,Burundi
85,Mark,Clark,1983-05-05,alejandra95@example.net,Male,"7494 Mason Inlet
South Nathanland, NY 01747",55,+914887165433,New Katherine,India
86,Brian,Bennett,1961-01-30,edwin17@example.com,Male,"064 Philip Keys
Jasmineside, CA 18681",60,+915628909010,New Deannaland,Fiji
87,Lauren,Mann,2005-10-12,amynguyen@example.com,Male,"7529 Nicholas Inlet
Lake Lauramouth, GU 71017",40,+914624202191,West Paulfurt,Poland
88,Robert,Johnson,1998-12-05,combsmia@example.org,Male,"Unit 7351 Box 9643
DPO AP 98081",37,+914662502300,New Justin,Israel
89,Ronald,Huffman,1996-12-23,singhalex@example.com,Male,"9571 Mary Garden Suite 916
Lake Danielletown, CT 20124",18,+917298856459,Port Tara,Antarctica (the territory South of 60 deg S)
90,James,Garrett,1985-01-02,christopherfox@example.net,Female,"88642 Poole Bypass
Estradashire, TX 42974",64,+919201854426,Davismouth,Chile
91,Ann,Joyce,1992-02-23,mschmidt@example.net,Female,"31545 Gonzalez Court
South Aaronport, HI 57254",49,+913966146018,Port Kelly,Indonesia
92,Richard,Davenport,1958-09-19,kennethscott@example.net,Male,"300 Young Trace Suite 003
South Wesleyfurt, ID 61928",47,+911736381809,Kimberlyport,Palestinian Territory
93,Lisa,Johnson,1979-08-01,jeffrey27@example.org,Male,"3228 Sarah Roads
East Lesliechester, AK 19862",28,+919609188280,Saramouth,Swaziland
94,Wendy,Robertson,1980-03-05,deborah48@example.net,Female,"3401 Joseph Common
Briannashire, PR 09025",41,+913496049450,Lisaton,Liberia
95,Victor,Anderson,1959-06-09,rebeccaturner@example.com,Female,"3772 Ashley Valley Suite 705
South Beckyside, SD 82675",22,+918729130406,Port Carlosshire,Cook Islands
96,Todd,Ryan,1994-01-25,bowenantonio@example.com,Male,"311 Melton Square Apt. 064
Johnstonside, CT 58230",41,+911617476794,Lauriechester,Monaco
97,Ryan,Ashley,1985-04-18,carloscarroll@example.com,Female,"USCGC Small
FPO AP 46575",55,+911101853973,Vasquezland,Guam
98,Ryan,Stone,1969-12-02,julie83@example.com,Female,"222 Ross Squares Suite 960
Dillonville, IL 07069",19,+912096577410,Port Rebeccachester,North Macedonia
99,William,Wilson,1960-02-16,alexisgalvan@example.com,Female,"33654 Ponce Groves
Amyland, VA 63939",64,+914517127987,Weavertown,Mayotte
100,Robin,Butler,1986-10-11,jacobsdavid@example.org,Male,"9111 Wood Shore
Alejandrohaven, WY 79889",45,+918843533933,East Jessicaport,Jersey
